ID,SECTION-NUMBER,SECTION-LENGTH,BRANCH-ORDER,X,Y,Z,HEAD-DIAMETER,NECK-DIAMETER,MAX-DTS,TYPE,AUTO,XYPLANE-ANGLE,SWC-NODE-ID,SWC-NODE-OFFSET,ATTACH-X,ATTACH-Y,ATTACH-Z,SOMA-DISTANCE
0,14,88.675568,N/A,9.895085,43.134445,10.204385,0.432819,0.005000,1.397040,mushroom,yes,-38.150408,370,0.000000,9.449178,42.004261,9.250000,94.114075
1,4,18.712305,N/A,70.894524,53.763775,5.726846,0.248779,0.224529,1.370667,thin,yes,85.665417,107,0.766695,70.809746,53.808552,6.991737,57.921684
2,14,88.675568,N/A,1.084909,42.597195,8.561258,0.435127,0.005000,1.451663,mushroom,yes,5.500449,393,0.641165,1.782113,44.166882,8.726654,102.644081
3,14,88.675568,N/A,9.175897,43.709667,9.095342,0.252732,0.005000,1.459767,thin,yes,-2.082980,372,0.554485,8.872508,42.154884,9.037726,94.823212
4,5,18.831476,N/A,66.948509,61.070004,12.268491,0.490044,0.005000,1.446136,mushroom,yes,6.576047,166,0.000000,65.452553,60.564697,12.450518,65.435684
5,14,88.675568,N/A,49.049538,23.998655,17.641121,0.413752,0.005000,1.436101,mushroom,yes,-24.526824,258,0.415982,49.492443,22.678299,17.005661,43.961838
6,5,18.831476,N/A,68.872528,57.564495,12.014521,0.203229,0.005000,1.460980,thin,yes,-4.170129,156,0.422703,67.314583,57.085728,11.895686,61.291607
9,14,88.675568,N/A,6.368098,43.601551,8.923772,0.395467,0.005000,1.357782,mushroom,yes,7.334533,380,0.131112,6.059948,42.311844,9.094450,97.644333
10,5,18.831476,N/A,66.012123,62.558426,11.932477,0.187096,0.005000,1.454042,thin,yes,25.477025,171,0.825496,64.832855,61.810192,12.597939,66.895851
13,3,18.105278,N/A,72.252174,45.742161,8.914106,0.287731,0.005000,1.398086,thin,yes,78.460359,85,0.000000,71.968315,45.630936,10.407310,48.739574
15,14,88.675568,N/A,21.738447,35.150860,10.678693,0.361469,0.005000,1.422258,mushroom,yes,20.311332,333,0.000000,22.420734,36.382984,11.200000,78.673653
18,11,9.197495,N/A,74.964577,29.134871,18.706343,0.139514,0.005000,1.414754,thin,yes,-63.779915,185,0.431465,75.655525,29.166092,17.301960,30.652319
19,3,18.105278,N/A,73.621613,45.392220,10.708869,0.391491,0.005000,1.343283,mushroom,yes,-11.118220,83,0.201645,72.255684,45.073761,10.433234,47.538017
20,14,88.675568,N/A,10.022880,42.882042,8.161828,0.216793,0.005000,1.376583,thin,yes,45.961964,371,0.830957,9.444210,42.005569,9.247969,94.206024
21,4,18.712305,N/A,69.725967,59.077385,4.939426,0.158049,0.005000,1.355238,thin,yes,62.940626,120,0.260741,69.104416,58.862499,6.226835,63.339386
22,14,88.675568,N/A,2.118306,43.548000,10.100945,0.427643,0.005000,1.302613,mushroom,yes,-69.924390,392,0.637025,2.164718,44.002815,8.850000,102.036263
23,14,88.675568,N/A,17.940025,37.762280,11.412636,0.151856,0.005000,1.347742,thin,yes,-62.128675,345,0.289687,18.425598,38.260872,10.096583,83.734795
24,3,18.105278,N/A,74.489204,42.074871,11.018207,0.366179,0.005000,1.325873,mushroom,yes,5.777113,77,0.445361,73.051186,41.898006,11.164791,44.371609
25,14,88.675568,N/A,15.588540,39.429428,8.598517,0.411079,0.285905,1.248152,mushroom,yes,71.410935,353,0.000000,15.234295,39.321041,9.700000,87.237732
27,5,18.831476,N/A,70.630554,52.283916,9.499710,0.277646,0.005000,1.343612,thin,yes,36.008562,141,0.690910,70.062843,51.062580,10.478549,54.353870
30,14,88.675568,N/A,32.067707,32.436386,11.445477,0.413379,0.005000,1.267823,mushroom,yes,34.112515,305,0.000000,32.377151,33.583084,12.250000,67.063225
32,14,88.675568,N/A,32.389744,34.760452,11.104194,0.205687,0.005000,1.308597,thin,yes,44.220006,305,0.000000,32.377151,33.583084,12.250000,67.063225
33,14,88.675568,N/A,6.511447,41.621719,7.703895,0.163127,0.005000,1.300230,thin,yes,67.554159,379,0.622741,6.623577,42.166382,9.050000,97.035210
36,14,88.675568,N/A,17.460981,39.180851,8.562936,0.251000,0.134350,1.196323,thin,yes,73.599150,348,0.000000,17.200001,38.971336,9.700000,85.204926
37,4,18.712305,N/A,66.667549,61.497585,6.932894,0.495573,0.005000,1.194239,mushroom,yes,4.729683,127,0.000000,67.770256,61.615074,7.024645,66.657738
39,14,88.675568,N/A,18.565187,38.088749,8.879708,0.330527,0.188539,1.154881,thin,yes,77.606340,345,0.072811,18.370987,38.267914,10.082096,83.820030
40,5,18.831476,N/A,67.663956,59.051594,11.832546,0.447617,0.005000,1.152490,mushroom,yes,23.263197,160,0.000000,66.697899,58.552731,12.299966,62.968880
41,3,18.105278,N/A,71.011879,45.268818,9.786720,0.375885,0.005000,1.167510,mushroom,yes,31.257783,84,0.000000,71.979454,45.578110,10.403316,48.207729
43,14,88.675568,N/A,13.457241,41.360291,9.443107,0.445510,0.005000,1.154936,mushroom,yes,14.146752,359,0.481681,12.969777,40.465206,9.700000,89.792625
44,14,88.675568,N/A,25.750677,37.389214,11.189287,0.346196,0.005000,1.161044,thin,yes,26.027292,323,0.000000,25.671913,36.346333,11.700000,75.111641
46,5,18.831476,N/A,67.826584,55.522350,10.110007,0.315285,0.005000,1.144899,thin,yes,79.541906,151,0.000000,67.903229,55.296150,11.403913,59.306919
47,14,88.675568,N/A,13.666040,39.766968,8.829723,0.337591,0.302188,1.091311,thin,yes,68.111093,357,0.686301,13.894302,40.031834,9.700000,88.867493
48,5,18.831476,N/A,65.231354,59.615467,11.712904,0.474773,0.392699,1.092460,mushroom,yes,60.210012,164,0.260142,65.698471,59.732677,12.554163,64.509613
49,4,18.712305,N/A,69.667336,57.967140,7.203895,0.336046,0.230228,1.093413,thin,yes,-77.502099,119,0.587570,69.419411,58.005859,6.071827,62.584946
50,14,88.675568,N/A,8.387815,41.148262,9.227808,0.427395,0.005000,1.111122,mushroom,yes,-11.718792,372,0.219435,8.608180,42.220955,9.000650,94.947456
51,14,88.675568,N/A,14.273443,39.482288,10.490528,0.305434,0.255517,1.069046,thin,yes,-64.549749,355,0.216122,14.604611,39.660809,9.700000,88.170700
52,14,88.675568,N/A,2.476936,44.075630,7.599275,0.217770,0.005000,1.126977,thin,yes,81.092318,393,0.683286,2.338272,43.937065,8.850000,102.611214
55,14,88.675568,N/A,11.218404,42.303802,9.605363,0.330573,0.005000,1.107424,thin,yes,-10.398305,366,0.000000,10.673302,41.353191,9.404278,92.530853
57,14,88.675568,N/A,16.221022,40.274693,10.219061,0.419221,0.005000,1.101205,mushroom,yes,-28.638571,351,0.083045,15.991470,39.352325,9.700000,86.443169
58,14,88.675568,N/A,12.748217,39.375706,9.688993,0.327860,0.005000,1.092488,thin,yes,0.591340,358,0.167281,13.201721,40.340855,9.700000,89.509415
59,14,88.675568,N/A,40.966293,27.807966,12.496054,0.481400,0.005000,1.077205,mushroom,yes,41.584796,287,0.216426,40.843475,28.616795,13.222009,56.395111
60,14,88.675568,N/A,3.682913,44.061344,9.782264,0.165175,0.005000,1.109972,thin,yes,-53.419525,388,0.318958,3.676496,43.369507,8.850000,100.524948
61,4,18.712305,N/A,70.955246,52.726444,6.471582,0.286012,0.005000,1.078254,thin,yes,51.239364,105,0.206200,71.071869,53.380707,7.299311,57.506237
62,14,88.675568,N/A,22.455927,36.546963,9.524499,0.206133,N/A,1.106190,stubby,yes,79.064271,334,0.000000,22.300558,36.750561,10.850000,79.195244
63,14,88.675568,N/A,9.242486,41.292168,10.208452,0.231423,0.005000,1.080856,thin,yes,-51.992521,370,0.832174,9.703613,41.843529,9.288710,93.787918
65,5,18.831476,N/A,70.905373,50.368443,10.766464,0.204576,0.005000,0.995874,thin,yes,-39.884624,139,0.585228,70.278931,50.199989,10.224366,53.395321
66,4,18.712305,N/A,70.887955,53.476818,8.267406,0.253390,N/A,1.018061,stubby,yes,-56.335172,104,0.867931,71.241379,53.115849,7.508911,56.872272
67,14,88.675568,N/A,1.526135,44.015961,7.553220,0.238752,0.216119,1.031416,thin,yes,66.646687,393,0.000000,1.364688,44.367901,8.450000,103.144325
68,4,18.712305,N/A,72.273750,52.802696,8.348775,0.391822,0.005000,1.008510,mushroom,yes,-29.974959,101,0.000000,71.508301,52.437412,7.859594,56.056355
69,14,88.675568,N/A,32.279587,34.778877,12.401587,0.412536,0.005000,1.023468,mushroom,yes,-0.724633,306,0.545327,31.912674,33.661694,12.386714,67.389488
72,14,88.675568,N/A,30.999447,34.317078,13.312962,0.413710,0.149398,0.959870,mushroom,yes,-51.849548,308,0.132632,31.074703,33.765041,12.603699,68.639565
73,14,88.675568,N/A,33.007023,31.321791,13.601377,0.208666,0.005000,1.032408,thin,yes,-20.126441,301,0.412427,33.871433,32.007435,13.197042,64.372086
74,14,88.675568,N/A,24.305529,35.547161,12.076960,0.265264,0.005000,1.013394,thin,yes,-36.400166,325,0.000000,24.852379,36.198395,11.450000,76.034195
75,4,18.712305,N/A,70.020187,53.668270,6.052072,0.142114,0.005000,1.034036,thin,yes,47.819311,108,0.481094,70.620216,54.180973,6.923071,58.318207
76,14,88.675568,N/A,4.522630,43.452919,7.891301,0.447297,0.005000,0.960052,mushroom,yes,71.277992,385,0.000000,4.584628,43.167263,8.753792,99.537430
77,4,18.712305,N/A,67.610214,63.125866,8.212286,0.340515,N/A,0.950837,stubby,yes,-81.367144,130,0.000000,67.566994,62.994362,7.300532,68.091637
78,14,88.675568,N/A,19.903292,38.690990,9.281524,0.250012,0.005000,0.989861,thin,yes,56.244759,341,0.000000,19.800001,38.119843,10.150001,82.271385
79,14,88.675568,N/A,35.524509,30.446812,12.478135,0.399208,0.333994,0.924390,mushroom,yes,70.154849,297,0.071572,35.731258,30.730160,13.450000,62.145741
80,5,18.831476,N/A,66.839844,59.478024,11.371056,0.169926,0.005000,1.010039,thin,yes,53.721783,161,0.041627,66.407486,58.894016,12.361037,63.450531
81,14,88.675568,N/A,4.503332,42.320263,9.408436,0.240723,0.005000,0.983181,thin,yes,-37.870053,385,0.000000,4.602224,43.161179,8.750000,99.537430
82,4,18.712305,N/A,66.246849,63.772343,7.725382,0.395436,0.005000,0.944779,mushroom,yes,-22.149420,133,0.350630,67.090820,64.215057,7.337435,69.595535
84,14,88.675568,N/A,17.773190,38.671288,10.773264,0.446499,0.207798,0.904649,mushroom,yes,-78.841102,346,0.000000,17.892738,38.593422,10.050000,84.321602
85,4,18.712305,N/A,68.006760,58.909309,6.771238,0.321086,0.005000,0.951446,thin,yes,-19.483078,122,0.689091,68.838646,59.473446,6.415637,64.089615
86,14,88.675568,N/A,41.508698,29.477753,12.871610,0.174755,0.005000,0.950762,thin,yes,26.910012,286,0.000000,41.187363,28.591667,13.350000,55.944778
88,4,18.712305,N/A,69.556923,59.028252,7.070729,0.200143,0.005000,0.927776,thin,yes,-56.888776,121,0.698273,69.035675,59.043186,6.271151,63.608585
89,4,18.712305,N/A,69.033836,59.323898,7.524534,0.343047,N/A,0.939654,stubby,yes,-70.759289,122,0.328353,68.780067,59.593750,6.463232,64.269653
90,14,88.675568,N/A,13.744742,40.604801,10.366743,0.397907,0.005000,0.912420,mushroom,yes,-52.110147,358,0.895000,13.763713,40.086292,9.700000,89.136314
91,3,18.105278,N/A,70.667809,46.502403,9.930894,0.239197,0.005000,0.940394,thin,yes,13.140364,87,0.363527,71.627563,46.912174,10.174516,49.676159
92,4,18.712305,N/A,70.444534,54.556446,7.809505,0.174820,0.115864,0.913939,thin,yes,-78.382731,108,0.088325,70.538612,54.384659,6.856802,58.445557
93,5,18.831476,N/A,65.423462,61.609280,13.274182,0.413080,0.005000,0.912888,mushroom,yes,-58.575741,170,0.641216,64.976730,61.479301,12.512695,66.611763
95,14,88.675568,N/A,62.251823,18.696182,18.951551,0.297537,0.144288,0.890818,thin,yes,-29.076106,228,0.338986,62.319565,19.709715,18.386723,28.464048
96,14,88.675568,N/A,17.329750,38.055519,10.042400,0.562496,0.005000,0.891178,mushroom,yes,0.526439,345,0.000000,18.055527,38.452206,10.050000,83.848648
97,14,88.675568,N/A,49.919628,23.832966,17.424717,0.230836,0.005000,0.942652,thin,yes,-15.305536,256,0.337136,50.396336,22.970896,17.155123,42.972820
98,14,88.675568,N/A,5.845877,41.524208,9.563057,0.341186,0.005000,0.902847,thin,yes,-29.560264,380,0.000000,6.021688,42.321499,9.100000,97.691391
99,14,88.675568,N/A,10.925846,40.376591,8.828897,0.255331,0.005000,0.915291,thin,yes,49.265850,365,0.890775,11.252746,40.904579,9.550000,91.808983
100,4,18.712305,N/A,69.132332,57.301102,5.222021,0.316180,0.056897,0.846527,thin,yes,54.014484,118,0.476716,69.508461,57.780029,6.060643,62.101665
101,5,18.831476,N/A,68.190079,55.149921,12.340135,0.366444,0.139108,0.862525,mushroom,yes,-66.669202,152,0.791376,67.872314,55.374622,11.437794,59.432091
102,5,18.831476,N/A,65.101814,60.678940,11.329185,0.157527,0.005000,0.903481,thin,yes,77.210011,167,0.000000,65.241615,60.865456,12.355979,65.815010
103,4,18.712305,N/A,70.381859,56.640179,5.648114,0.314758,0.005000,0.872101,thin,yes,48.644781,115,0.562387,69.824051,56.597733,6.283652,60.955105
104,4,18.712305,N/A,70.913200,54.298725,7.730626,0.269254,0.135223,0.845407,thin,yes,-66.440002,107,0.000000,70.675659,54.061207,6.960275,58.149960
105,14,88.675568,N/A,33.372154,32.859657,11.678692,0.129821,0.112090,0.876029,thin,yes,88.773317,303,0.542450,33.384491,32.841602,12.700000,65.587990
106,14,88.675568,N/A,24.730709,37.239376,10.769629,0.235539,0.005000,0.886943,thin,yes,27.165994,327,0.098608,24.291580,36.524902,11.200000,76.791061
107,14,88.675568,N/A,1.759614,43.412300,7.910687,0.184441,0.005000,0.871688,thin,yes,53.472112,392,0.078685,2.012354,44.060535,8.850000,102.323616
108,14,88.675568,N/A,49.164223,23.247992,17.665874,0.328457,0.005000,0.852722,thin,yes,-45.423556,258,0.425933,49.483982,22.676933,17.001638,43.957153
109,5,18.831476,N/A,70.358948,51.775665,10.400475,0.420445,N/A,0.815380,stubby,yes,10.401691,141,0.396111,69.954506,51.166256,10.534735,54.524612
110,3,18.105278,N/A,71.965858,43.275219,11.539966,0.192815,0.005000,0.863534,thin,yes,-43.560885,81,0.858085,72.648766,43.724674,10.762496,46.110256
111,14,88.675568,N/A,30.120916,34.752026,11.995665,0.305190,0.005000,0.868142,thin,yes,21.258789,310,0.121969,30.168499,33.842510,12.350000,69.548721
112,14,88.675568,N/A,3.167938,44.260201,8.161203,0.186445,0.005000,0.866351,thin,yes,47.948511,390,0.077043,2.873157,43.713264,8.850000,101.410492
113,14,88.675568,N/A,13.430039,40.295315,8.968432,0.417534,N/A,0.829644,stubby,yes,85.014144,358,0.599385,13.379359,40.256523,9.700000,89.287872
115,14,88.675568,N/A,25.427584,35.398853,11.344604,0.187755,0.005000,0.875583,thin,yes,22.109099,325,0.761150,25.237883,36.252872,11.700000,75.732986
116,3,18.105278,N/A,72.006241,42.628372,10.424316,0.342026,0.005000,0.850347,thin,yes,26.192883,79,0.903007,72.874153,42.857006,10.865813,45.162003
118,3,18.105278,N/A,72.969788,46.037289,10.741044,0.170263,0.005000,0.865786,thin,yes,-16.522013,85,0.493833,71.918571,45.866802,10.425146,48.476933
119,14,88.675568,N/A,8.650241,42.219849,8.169148,0.435191,N/A,0.822383,stubby,yes,84.796548,373,0.868087,8.575323,42.227852,8.996493,95.083397
120,14,88.675568,N/A,19.924780,37.129517,10.070626,0.337945,0.005000,0.830273,thin,yes,5.469154,340,0.588777,20.395636,37.811832,10.150001,81.666763
121,4,18.712305,N/A,70.686333,51.057961,7.819639,0.326559,0.005000,0.820901,thin,yes,17.183133,98,0.029893,71.553215,51.390900,8.106795,54.951115
122,5,18.831476,N/A,71.351631,50.813683,10.622748,0.208929,0.005000,0.849321,thin,yes,-9.058427,140,0.183934,70.139694,50.949547,10.428319,54.097591
123,3,18.105278,N/A,72.926376,41.166042,10.372895,0.348937,0.253657,0.791814,thin,yes,65.075251,76,0.307964,73.003433,41.593163,11.306845,43.876507
124,5,18.831476,N/A,68.332573,53.968319,10.055099,0.351641,0.273961,0.798382,mushroom,yes,85.336406,147,0.083318,68.402046,53.936462,10.992017,57.650967
125,14,88.675568,N/A,3.164430,42.733105,9.215749,0.188230,0.005000,0.835095,thin,yes,-26.203786,389,0.784155,3.492288,43.400051,8.850000,100.724228
126,14,88.675568,N/A,34.285690,31.935534,12.371805,0.200499,N/A,0.813384,stubby,yes,65.796205,302,0.799801,33.909187,31.963135,13.211661,64.770172
127,14,88.675568,N/A,43.409855,26.564831,14.646276,0.327301,0.005000,0.814781,thin,yes,-20.968849,279,0.967827,44.049301,26.999300,14.350000,52.387180
128,3,18.105278,N/A,70.934029,47.045010,8.928701,0.146080,0.005000,0.845402,thin,yes,54.127715,89,0.000000,71.328842,47.616806,9.889589,50.458775
129,4,18.712305,N/A,67.438713,64.864647,6.696694,0.273766,0.005000,0.808525,thin,yes,47.176085,133,0.164751,66.971191,64.423187,7.390502,69.718246
130,14,88.675568,N/A,36.301582,29.238628,13.116649,0.206069,0.005000,0.843182,thin,yes,12.993966,296,0.790785,36.632507,30.311523,13.375736,61.081547
131,14,88.675568,N/A,18.978743,38.715324,10.969834,0.154045,0.005000,0.838227,thin,yes,-58.672729,344,0.814623,18.927143,38.218998,10.150001,83.129784
132,14,88.675568,N/A,21.848734,37.239532,10.016540,0.397283,N/A,0.779693,stubby,yes,55.688495,337,0.402348,21.460682,37.254997,10.585608,80.364525
133,14,88.675568,N/A,20.272896,37.683319,9.409439,0.376701,N/A,0.794119,stubby,yes,76.826592,340,0.655748,20.372360,37.825275,10.150001,81.642303
134,14,88.675568,N/A,38.581676,28.568193,13.206185,0.328404,0.005000,0.807154,thin,yes,-14.576591,292,0.878651,38.688293,29.529350,12.954709,58.839291
135,14,88.675568,N/A,2.945234,44.441650,9.274694,0.366804,0.005000,0.792918,mushroom,yes,-31.432965,391,0.611827,2.649964,43.812645,8.850000,101.598442
136,4,18.712305,N/A,70.469070,57.886829,6.419010,0.233029,0.005000,0.814245,thin,yes,-16.565576,118,0.648931,69.555840,57.559689,6.130458,62.026073
137,4,18.712305,N/A,66.668343,62.900597,6.805933,0.162717,0.005000,0.818312,thin,yes,26.972276,131,0.377785,67.515640,63.178776,7.259781,68.390739
138,14,88.675568,N/A,1.668802,44.630714,7.647444,0.212192,0.005000,0.799391,thin,yes,63.397101,393,0.000000,1.364688,44.367901,8.450000,103.144325
139,14,88.675568,N/A,49.248646,23.214954,16.260393,0.315427,0.005000,0.785567,thin,yes,47.445003,260,0.106877,49.197083,22.640623,16.888475,44.965107
140,3,18.105278,N/A,72.819550,37.720295,12.616918,0.505311,0.005000,0.762981,mushroom,yes,16.375244,67,0.518281,73.731384,37.694088,12.884968,39.634132
141,14,88.675568,N/A,0.977966,43.651058,8.033635,0.240038,0.005000,0.808910,thin,yes,27.075562,393,0.000000,1.364688,44.367901,8.450000,103.144325
142,12,1.070293,N/A,78.164108,34.836132,21.196241,0.297337,0.005000,0.785510,thin,yes,-4.365322,206,0.751007,78.907982,34.354099,21.128576,38.354053
143,5,18.831476,N/A,64.262299,62.017200,13.323528,0.378845,0.238245,0.741563,mushroom,yes,-53.502946,172,0.161365,64.592781,62.287582,12.746415,67.501991
144,14,88.675568,N/A,28.042797,35.444698,12.743500,0.224221,0.005000,0.781913,thin,yes,-59.729507,317,0.758334,27.831562,35.099419,12.050000,72.422203
145,14,88.675568,N/A,11.819889,41.156982,8.909679,0.250826,0.005000,0.767368,thin,yes,63.590969,363,0.534861,11.901133,40.798428,9.650001,91.166550
146,3,18.105278,N/A,71.191521,47.532505,9.043819,0.416263,N/A,0.734405,stubby,yes,79.213483,90,0.943108,71.328842,47.616806,9.889589,50.521271
147,14,88.675568,N/A,39.074131,28.169220,13.387897,0.142285,0.005000,0.799497,thin,yes,-22.529049,290,0.925809,39.590427,28.951387,12.999138,57.680847
148,3,18.105278,N/A,72.227539,47.973045,9.818821,0.296206,0.005000,0.759108,thin,yes,2.489545,90,0.937633,71.255638,47.841686,9.861462,50.527283
149,14,88.675568,N/A,31.095381,32.987320,12.243277,0.370881,0.005000,0.767981,mushroom,yes,26.201640,307,0.229366,31.033131,33.753422,12.621515,68.179802
150,3,18.105278,N/A,74.001350,34.397388,15.033315,0.239290,0.053937,0.741847,thin,yes,-41.913843,58,0.663893,74.581802,34.170025,14.473704,35.283478
151,5,18.831476,N/A,69.392433,50.145073,10.278100,0.309897,0.229637,0.726925,thin,yes,2.552062,139,0.227711,70.152298,50.513519,10.315740,53.614948
152,14,88.675568,N/A,27.672380,34.108837,11.846252,0.282417,0.005000,0.768231,thin,yes,13.457217,315,0.000000,28.182873,34.790306,12.050000,71.893967
153,14,88.675568,N/A,32.143726,33.457256,11.402694,0.399991,N/A,0.718058,stubby,yes,72.621586,305,0.000000,32.377151,33.583084,12.250000,67.063225
154,14,88.675568,N/A,39.581570,28.018270,13.057792,0.341689,0.005000,0.763623,thin,yes,-1.208285,289,0.420754,39.788830,28.901018,13.038667,57.412624
155,11,9.197495,N/A,75.866341,30.142071,17.763561,0.415993,0.295455,0.717134,mushroom,yes,-18.003734,187,0.565336,76.303627,29.627426,17.544083,31.407032
156,4,18.712305,N/A,67.204224,64.029877,6.334929,0.289229,N/A,0.712502,stubby,yes,84.213250,132,0.017595,67.244743,63.944244,7.269726,69.156387
157,11,9.197495,N/A,78.712135,33.949188,19.594835,0.145455,0.005000,0.757966,thin,yes,25.195457,200,0.000000,78.385399,33.123421,20.012638,36.515644
158,14,88.675568,N/A,29.369534,33.303158,12.317106,0.425091,0.005000,0.733639,mushroom,yes,6.288756,312,0.000000,29.502449,34.043522,12.400001,70.474289
160,14,88.675568,N/A,42.542835,28.617352,13.038889,0.382165,N/A,0.697227,stubby,yes,45.052538,285,0.749736,42.099628,28.235846,13.624752,54.857952
161,4,18.712305,N/A,68.388748,63.015072,7.032805,0.231757,0.005000,0.742027,thin,yes,17.790282,130,0.415705,67.672287,62.649643,7.290879,67.898788
162,14,88.675568,N/A,31.792810,32.849052,12.821854,0.231253,0.005000,0.737040,thin,yes,-25.186423,306,0.170738,31.771349,33.685612,12.428311,67.658295
163,4,18.712305,N/A,72.070740,51.177433,9.036972,0.293011,0.005000,0.703629,thin,yes,-40.531423,96,0.266309,71.679184,50.727146,8.526759,54.188747
164,2,5.070513,N/A,74.902710,30.920780,16.471085,0.379644,0.278228,0.695980,mushroom,yes,-48.092896,50,0.422564,74.380119,31.003107,15.881612,31.665449
165,3,18.105278,N/A,74.263313,38.905159,12.445891,0.312450,0.005000,0.707139,thin,yes,2.646544,68,0.290969,73.501175,38.471355,12.486427,40.308537
166,5,18.831476,N/A,63.155487,63.050720,13.500381,0.188588,0.005000,0.729067,thin,yes,-23.191188,176,0.000516,63.754982,63.634487,13.141894,69.093842
167,5,18.831476,N/A,65.354225,62.491695,12.862634,0.352740,0.005000,0.702627,mushroom,yes,-12.352108,172,0.903022,64.709656,62.100994,12.697575,67.228889
168,4,18.712305,N/A,72.475731,49.457687,8.758355,0.208417,0.005000,0.730613,thin,yes,8.843342,95,0.567706,71.721771,50.168392,8.919559,53.392780
169,4,18.712305,N/A,70.789291,52.087334,8.061638,0.291685,0.005000,0.715133,thin,yes,-14.178944,101,0.000000,71.508301,52.437412,7.859594,56.056355
170,14,88.675568,N/A,51.937866,23.583378,17.352749,0.253880,0.005000,0.719504,thin,yes,21.832449,254,0.000000,51.392860,22.909393,17.700001,41.817398
171,14,88.675568,N/A,4.225557,42.746235,8.520117,0.504042,0.414783,0.673886,mushroom,yes,27.169792,386,0.660489,4.437017,43.218292,8.785605,99.707535
172,14,88.675568,N/A,37.822300,28.892818,12.930106,0.319409,0.005000,0.708657,thin,yes,10.013736,293,0.907958,37.969418,29.630602,13.062944,59.440487
173,3,18.105278,N/A,74.084160,40.045017,12.087587,0.267427,0.005000,0.706472,thin,yes,-17.215947,72,0.000000,73.236061,39.934170,11.822563,42.052525
174,14,88.675568,N/A,60.344273,19.892101,19.529222,0.223238,N/A,0.695446,stubby,yes,-42.960627,232,0.410681,60.639076,20.474491,18.921358,30.486605
175,5,18.831476,N/A,63.751587,62.330963,12.416304,0.256825,0.005000,0.689592,thin,yes,29.523680,173,0.246747,64.346428,62.692921,12.810637,67.864456
176,3,18.105278,N/A,75.404816,34.687412,13.981972,0.252477,0.005000,0.698220,thin,yes,12.743674,59,0.318606,74.556343,34.708206,14.173921,35.977013
177,14,88.675568,N/A,8.095126,42.147198,9.540865,0.391414,N/A,0.672194,stubby,yes,-71.018162,374,0.617922,8.229389,42.298168,8.953505,95.553276
178,3,18.105278,N/A,72.330963,45.465931,11.262102,0.268926,0.148255,0.669782,thin,yes,-72.530562,84,0.540969,72.142929,45.279629,10.421021,47.896229
179,14,88.675568,N/A,50.856426,22.682543,18.303419,0.256336,N/A,0.672477,stubby,yes,-52.886948,254,0.409343,51.279793,22.937666,17.650154,41.571083
180,14,88.675568,N/A,41.443295,28.904839,14.052779,0.443801,0.339638,0.659904,mushroom,yes,-57.623308,286,0.365474,41.411526,28.494276,13.403318,55.687576
181,4,18.712305,N/A,70.485954,56.336231,6.873322,0.173510,0.005000,0.703183,thin,yes,-41.745782,113,0.244725,69.925415,56.133503,6.341385,60.495201
182,14,88.675568,N/A,60.056004,21.675367,19.804506,0.185692,0.005000,0.711237,thin,yes,-3.116210,235,0.399792,59.561764,20.814886,19.750483,31.987913
183,14,88.675568,N/A,35.901222,31.525049,13.782969,0.414213,0.120665,0.655323,mushroom,yes,-24.296442,298,0.639129,35.566849,30.841745,13.439543,62.413986
184,14,88.675568,N/A,45.496349,24.853148,15.381676,0.386415,0.327010,0.651659,mushroom,yes,-50.538746,269,0.440828,45.648979,25.177563,14.946149,49.479641
185,5,18.831476,N/A,70.717201,50.016174,9.351678,0.245447,0.207830,0.662033,thin,yes,62.232527,138,0.933156,70.490707,49.730419,10.044214,52.678703
186,14,88.675568,N/A,24.842295,35.553989,11.066828,0.266809,0.005000,0.680287,thin,yes,24.804716,326,0.825018,24.789799,36.231018,11.380666,76.096619
187,5,18.831476,N/A,64.045143,63.523342,13.844230,0.210951,N/A,0.653484,stubby,yes,-64.736974,177,0.887568,63.746437,63.657516,13.150331,69.128212
188,5,18.831476,N/A,64.784943,63.325428,13.132973,0.294354,0.005000,0.665892,thin,yes,-21.902693,174,0.364219,64.213493,62.896465,12.845692,68.237251
190,14,88.675568,N/A,33.634212,33.742958,12.665234,0.333307,0.005000,0.657781,thin,yes,2.820338,304,0.379161,33.147022,33.232395,12.700000,66.137230
191,14,88.675568,N/A,41.769447,27.576674,14.000364,0.345316,0.005000,0.654136,thin,yes,-26.056008,285,0.671719,42.127438,28.227764,13.637071,54.897812
192,14,88.675568,N/A,3.902389,44.056141,8.614486,0.229645,0.005000,0.681108,thin,yes,18.714659,388,0.985622,3.876163,43.361423,8.850000,100.305443
193,14,88.675568,N/A,47.495651,23.184811,15.003189,0.200386,0.005000,0.674678,thin,yes,44.911604,264,0.582438,47.585110,23.746109,15.569820,46.824245
194,5,18.831476,N/A,68.762505,55.211525,10.887015,0.172631,0.005000,0.666615,thin,yes,19.750150,150,0.941269,68.169907,54.789257,11.148273,58.694714
195,14,88.675568,N/A,49.367569,22.355604,16.339373,0.380668,N/A,0.624173,stubby,yes,63.319579,259,0.490145,49.344025,22.656096,16.939175,44.393242
196,3,18.105278,N/A,72.270012,41.573807,11.975208,0.354992,0.005000,0.640205,mushroom,yes,-33.825823,75,0.000000,72.904457,41.229179,11.491398,43.434498
197,4,18.712305,N/A,72.183464,51.274338,7.734416,0.373548,0.204578,0.623857,mushroom,yes,30.657996,99,0.846387,71.554794,51.381561,8.112452,55.035912
198,14,88.675568,N/A,34.016403,33.278828,13.006315,0.180516,0.005000,0.668917,thin,yes,-21.835812,303,0.425493,33.330364,32.941566,12.700000,65.649841
199,3,18.105278,N/A,72.166092,44.099659,9.966379,0.258109,N/A,0.624608,thin,yes,68.477546,82,0.572199,72.420410,44.262966,10.732771,46.816536
200,6,6.122051,N/A,73.643913,33.013016,16.051022,0.247658,N/A,0.653479,stubby,yes,-55.879428,55,0.402723,74.017250,33.127449,15.474730,33.861855
201,14,88.675568,N/A,4.784001,43.803272,8.842982,0.230053,0.005000,0.631015,thin,yes,-7.204146,386,0.888659,4.561557,43.175236,8.758764,99.593216
202,3,18.105278,N/A,74.761490,34.480217,15.118986,0.451756,N/A,0.629784,stubby,yes,-56.965107,58,0.619473,74.582092,34.120773,14.501207,35.310143
203,3,18.105278,N/A,72.177551,47.010376,9.756115,0.326708,0.182039,0.611431,thin,yes,40.763931,87,0.337008,71.678925,46.774357,10.231693,49.691750
204,14,88.675568,N/A,11.514774,40.446098,10.270793,0.231254,N/A,0.649081,stubby,yes,-59.831836,363,0.000000,11.600000,40.796738,9.650001,91.388458
205,14,88.675568,N/A,21.946369,37.881821,10.598201,0.322307,0.005000,0.647187,thin,yes,11.337959,336,0.020475,21.654078,37.174107,10.751730,80.021606
207,4,18.712305,N/A,69.266441,58.214268,5.301602,0.254437,N/A,0.621443,stubby,yes,79.542685,119,0.629567,69.368706,58.108784,6.097609,62.557045
208,3,18.105278,N/A,72.505310,40.390648,11.238006,0.277751,0.005000,0.620106,thin,yes,35.195155,74,0.328849,73.011742,40.716309,11.662666,42.830853
209,4,18.712305,N/A,67.398567,61.975521,6.562152,0.351010,N/A,0.609566,stubby,yes,45.677118,128,0.859087,67.773079,61.672436,7.055464,66.740166
210,5,18.831476,N/A,68.906052,54.340973,11.577601,0.190105,0.005000,0.643155,thin,yes,-43.267224,148,0.452662,68.335548,54.192745,11.022773,58.105042
211,3,18.105278,N/A,72.783714,45.386585,9.941139,0.286836,0.151828,0.617311,thin,yes,38.529830,84,0.919658,72.229065,45.122368,10.430351,47.678173
212,14,88.675568,N/A,56.609348,22.357052,19.704512,0.536453,0.435642,0.597357,mushroom,yes,-32.983633,244,0.390788,56.323616,21.891502,19.350000,36.123371
213,5,18.831476,N/A,64.732117,60.447350,12.590923,0.267078,0.005000,0.626760,thin,yes,-17.825172,167,0.281388,65.293419,60.791588,12.379198,65.708275
214,4,18.712305,N/A,68.541573,59.693939,7.242465,0.338279,0.245249,0.607139,thin,yes,-54.631665,123,0.567082,68.617401,60.110001,6.646668,64.639633
215,3,18.105278,N/A,73.755150,43.152401,10.961288,0.159749,0.005000,0.645758,thin,yes,-9.225739,79,0.334994,72.862663,43.059601,10.815544,45.444641
216,3,18.105278,N/A,72.335449,46.450314,11.097257,0.306259,0.005000,0.611302,thin,yes,-48.943060,86,0.917333,71.864288,46.119431,10.436272,48.786072
217,3,18.105278,N/A,71.987999,44.140530,11.391614,0.212184,N/A,0.608410,stubby,yes,-52.462482,82,0.996933,72.456001,44.079788,10.777419,46.556938
218,14,88.675568,N/A,28.360600,33.741962,12.156105,0.234406,0.005000,0.627744,thin,yes,12.836865,314,0.614150,28.823112,34.298798,12.321054,71.076233
220,5,18.831476,N/A,62.958652,64.216377,14.061701,0.221195,N/A,0.607438,stubby,yes,-52.850970,180,0.716389,63.274921,64.596924,13.408601,70.228813
221,5,18.831476,N/A,66.781494,56.476734,12.116881,0.155861,0.005000,0.628148,thin,yes,-30.998838,156,0.894674,67.424866,56.626320,11.720012,60.988403
222,14,88.675568,N/A,26.353233,35.413670,11.788379,0.288294,0.005000,0.587442,thin,yes,21.022662,321,0.805118,26.753443,35.964344,12.050000,73.857506
223,14,88.675568,N/A,24.019978,35.973362,10.987930,0.306830,0.005000,0.592371,thin,yes,20.443551,328,0.180592,23.903881,36.530304,11.200000,77.094353
224,14,88.675568,N/A,14.889391,39.778847,8.937262,0.255997,N/A,0.608654,stubby,yes,73.059592,355,0.991046,14.785905,39.570843,9.700000,87.750778
225,14,88.675568,N/A,12.214444,40.626358,8.802587,0.153423,N/A,0.601244,stubby,yes,85.005306,361,0.000000,12.242557,40.675461,9.450000,90.646278
226,4,18.712305,N/A,68.648750,59.858192,5.768528,0.421749,N/A,0.587744,stubby,yes,69.981226,122,0.282414,68.763741,59.627296,6.476504,64.292587
227,14,88.675568,N/A,28.588108,35.356434,12.226345,0.270509,0.005000,0.607815,thin,yes,-14.202563,315,0.019495,28.214771,34.768116,12.050000,71.884613
228,14,88.675568,N/A,1.145007,45.610497,8.189208,0.180838,0.005000,0.604122,thin,yes,38.427145,395,0.000000,0.849387,45.107170,8.652309,104.062080
229,3,18.105278,N/A,73.034836,37.013924,12.997798,0.194788,0.005000,0.597989,thin,yes,1.685229,66,0.816092,73.871178,37.291145,13.023721,38.925953
230,3,18.105278,N/A,72.591446,38.713943,12.544302,0.152263,0.005000,0.597016,thin,yes,-16.894962,69,0.691143,73.394424,38.715633,12.300415,40.598545
231,14,88.675568,N/A,18.272354,37.648094,10.204605,0.358349,0.297814,0.550349,mushroom,yes,-7.687854,345,0.354549,18.504223,38.250736,10.117441,83.709305
232,5,18.831476,N/A,68.296776,56.142170,11.310067,0.231823,0.005000,0.587518,thin,yes,22.801237,152,0.064054,67.723022,55.753525,11.601392,59.868469
233,14,88.675568,N/A,46.633698,24.197914,14.589053,0.436292,N/A,0.560927,stubby,yes,64.632423,266,0.250346,46.694473,24.439371,15.114188,48.083382
234,5,18.831476,N/A,70.084381,48.872791,10.089422,0.227326,0.005000,0.589639,thin,yes,-14.154957,136,0.406977,70.743713,49.199696,9.903820,52.258568
235,14,88.675568,N/A,53.593327,23.191648,18.913794,0.164213,0.005000,0.585899,thin,yes,-7.432070,250,0.245401,53.509136,22.460600,18.817801,39.290802
236,14,88.675568,N/A,1.503663,44.655441,9.280862,0.254754,0.005000,0.563411,thin,yes,-47.137278,393,0.546466,1.750461,44.182121,8.705676,102.717964
237,8,9.659698,N/A,73.270195,41.304150,4.692716,0.419035,N/A,0.556501,stubby,yes,56.187755,-1,-1.000000,73.060493,40.995148,5.250295,0.000000
238,2,5.070513,N/A,73.647995,30.017620,16.705240,0.412616,0.005000,0.553024,mushroom,yes,-40.035954,47,0.000000,74.179962,29.850544,16.236773,30.502985
240,4,18.712305,N/A,70.984535,50.140938,8.564485,0.208094,0.050000,0.544793,thin,yes,29.263367,95,0.654728,71.693893,50.122948,8.962090,53.359325
241,14,88.675568,N/A,12.347628,40.353550,9.048716,0.363738,0.319277,0.543537,mushroom,yes,57.250655,361,0.751670,12.456513,40.587566,9.450000,90.426765
242,4,18.712305,N/A,69.804428,58.677895,6.605840,0.200369,0.005000,0.577767,thin,yes,-32.340096,120,0.725530,69.165688,58.605461,6.198827,63.110504
243,2,5.070513,N/A,74.920509,31.274645,16.244682,0.359058,0.234434,0.535039,mushroom,yes,-33.468416,50,0.000000,74.390564,31.086895,15.873002,31.827095
244,1,11.917839,N/A,72.866898,24.945623,14.917991,0.483459,0.427620,0.539707,mushroom,yes,45.439537,37,0.583861,73.302948,24.648651,15.453720,25.019417
245,3,18.105278,N/A,70.437943,47.780453,10.037452,0.290735,0.005000,0.557354,thin,yes,-13.103046,90,0.625959,71.227158,47.929195,9.850517,50.869656
246,14,88.675568,N/A,10.522171,40.893871,9.921368,0.286975,0.005000,0.543636,thin,yes,-25.342670,367,0.108664,10.402820,41.455048,9.649645,92.862213
247,5,18.831476,N/A,68.184738,52.598244,10.620028,0.430078,0.152753,0.518792,mushroom,yes,16.063679,145,0.306741,68.752571,52.913933,10.807104,56.620487
248,3,18.105278,N/A,73.107147,44.245285,11.214381,0.286888,0.005000,0.537950,thin,yes,-34.262030,81,0.287342,72.544571,43.916630,10.770562,46.406113
249,14,88.675568,N/A,20.110683,37.928501,10.842044,0.193358,N/A,0.557519,stubby,yes,-86.728942,341,0.930944,20.129957,37.963039,10.150001,81.908653
250,3,18.105278,N/A,72.566544,41.878239,10.616910,0.260422,0.005000,0.516451,thin,yes,44.323334,77,0.399102,73.046654,42.035049,11.110188,44.396496
251,3,18.105278,N/A,74.556267,37.651852,12.559179,0.222063,0.005000,0.554341,thin,yes,26.689766,66,0.369654,73.795242,37.510021,12.948352,39.160564
252,5,18.831476,N/A,67.669991,53.988415,11.213290,0.273492,0.005000,0.549005,thin,yes,-15.136066,148,0.547430,68.331352,54.208916,11.024714,58.032421
254,14,88.675568,N/A,20.728306,37.012680,10.147946,0.383728,0.005000,0.527636,mushroom,yes,14.620494,338,0.095291,20.940432,37.478897,10.281562,80.996475
255,14,88.675568,N/A,27.291950,34.877712,11.833326,0.180857,N/A,0.533664,stubby,yes,22.746431,317,0.283357,27.622734,35.274780,12.050000,72.632584
256,14,88.675568,N/A,56.213882,21.383209,18.873878,0.230183,0.196881,0.519168,thin,yes,44.663750,244,0.806641,56.489777,21.778126,19.350000,35.901150
258,14,88.675568,N/A,2.530690,43.201519,8.803735,0.310314,0.005000,0.531991,thin,yes,4.328608,391,0.824860,2.787284,43.756283,8.850000,101.511047
259,11,9.197495,N/A,78.930664,33.063812,19.345419,0.309805,0.005000,0.524671,thin,yes,27.894966,199,0.000000,78.257820,32.976025,19.704615,36.128761
260,14,88.675568,N/A,32.500889,34.301636,12.459620,0.320918,0.005000,0.511670,thin,yes,-15.167819,306,0.921392,32.337639,33.589771,12.261630,67.119637
261,14,88.675568,N/A,18.109591,38.649002,9.536953,0.389904,N/A,0.516422,stubby,yes,69.711748,346,0.269346,17.954468,38.539875,10.050000,84.194214
262,4,18.712305,N/A,68.106110,62.174843,7.855601,0.344294,N/A,0.508144,stubby,yes,-60.492507,128,0.000000,67.795609,62.129887,7.301239,67.242699
263,4,18.712305,N/A,71.944023,49.137554,9.193620,0.312436,0.005000,0.511513,thin,yes,17.024953,93,0.906742,71.431641,49.417103,9.372347,52.519436
264,14,88.675568,N/A,12.035640,40.736134,10.091171,0.142529,0.122513,0.497365,thin,yes,-81.457368,362,0.000000,12.014885,40.799068,9.650001,90.973564
265,14,88.675568,N/A,39.731400,29.571848,13.024289,0.394707,0.005000,0.497080,mushroom,yes,-5.539752,290,0.845879,39.497807,28.989120,12.963399,57.728352
267,5,18.831476,N/A,63.736706,63.428051,12.404478,0.243066,N/A,0.499857,stubby,yes,61.927996,175,0.000000,63.955315,63.279835,12.899708,68.620201
268,3,18.105278,N/A,75.145538,32.576691,15.054221,0.284369,0.005000,0.510602,thin,yes,6.910856,55,0.727331,74.514816,32.638702,15.131037,33.639095
269,5,18.831476,N/A,65.750130,58.677410,12.283097,0.323549,0.162514,0.488729,thin,yes,9.134670,162,0.212027,66.169220,59.109795,12.379921,63.774158
270,5,18.831476,N/A,68.977829,52.095123,9.818400,0.162985,N/A,0.507074,stubby,yes,69.697117,143,0.000000,69.227455,52.033062,10.513663,55.613998
271,3,18.105278,N/A,71.721085,45.703922,9.794593,0.360653,N/A,0.488181,stubby,yes,69.957949,85,0.753653,71.942863,45.751617,10.416436,48.338749
273,14,88.675568,N/A,16.577637,39.433636,10.236178,0.235273,N/A,0.500285,stubby,yes,-69.146314,350,0.000000,16.534372,39.234020,9.700000,85.939255
274,14,88.675568,N/A,42.556423,27.287083,13.834360,0.202668,0.005000,0.504576,thin,yes,2.300957,283,0.116638,42.745949,27.942677,13.861781,54.170593
275,14,88.675568,N/A,30.033401,33.234840,12.278194,0.323557,0.226124,0.478556,thin,yes,6.715363,310,0.000000,30.102310,33.840778,12.350000,69.591141
276,5,18.831476,N/A,67.231422,55.471508,11.880868,0.243824,N/A,0.487393,stubby,yes,-25.607531,152,0.070471,67.717003,55.768795,11.607985,59.864616
277,4,18.712305,N/A,69.302795,59.265976,5.797272,0.367054,N/A,0.466376,stubby,yes,51.877427,121,0.771282,69.053406,59.003197,6.258933,63.574516
278,3,18.105278,N/A,72.632881,46.111275,10.458029,0.142992,0.005000,0.488332,thin,yes,-1.612947,85,0.267001,71.885948,46.021503,10.436845,48.597572
279,4,18.712305,N/A,68.388832,60.443600,7.465999,0.366929,N/A,0.465330,stubby,yes,-69.020055,124,0.000000,68.301285,60.633133,6.921550,65.496346
280,4,18.712305,N/A,67.508522,60.982681,6.431115,0.294842,N/A,0.469628,stubby,yes,48.084036,126,0.000000,67.900215,61.117474,6.892531,66.126747
281,14,88.675568,N/A,44.261482,26.080225,14.411973,0.211977,0.005000,0.473883,thin,yes,12.354182,276,0.917647,44.736828,26.399263,14.537362,51.397041
282,14,88.675568,N/A,9.994943,41.001614,9.198496,0.164633,0.005000,0.477649,thin,yes,21.907308,368,0.161899,10.116490,41.568367,9.431596,93.336861
283,5,18.831476,N/A,66.926353,57.050991,11.521136,0.383621,N/A,0.448945,stubby,yes,40.056186,156,0.504348,67.337524,57.017532,11.867980,61.239159
285,1,11.917839,N/A,73.053856,26.215206,16.343504,0.213325,0.180161,0.434722,thin,yes,-31.073848,40,0.855202,73.627663,26.027582,15.979703,26.536932
286,14,88.675568,N/A,25.941536,36.764881,11.961868,0.251877,N/A,0.464524,stubby,yes,4.622511,323,0.687953,25.883743,36.287231,12.000770,74.813362
287,5,18.831476,N/A,67.780952,56.021343,12.171048,0.295793,N/A,0.439002,stubby,yes,-74.179854,153,0.668248,67.644951,55.951672,11.631757,60.085052
288,14,88.675568,N/A,43.245415,27.227673,14.743695,0.222108,N/A,0.444960,stubby,yes,-60.673913,281,0.229500,43.347176,27.485674,14.250000,53.229450
289,14,88.675568,N/A,8.798979,42.601490,9.439470,0.147359,0.005000,0.450256,thin,yes,-44.680435,372,0.420599,8.766264,42.181442,9.022824,94.872856
290,3,18.105278,N/A,73.396484,42.581604,10.540009,0.219528,N/A,0.435399,stubby,yes,41.928232,78,0.455905,72.947937,42.547321,10.944041,44.884640
291,14,88.675568,N/A,13.976152,40.188847,10.152391,0.208306,N/A,0.432982,stubby,yes,-67.432688,356,0.023972,13.947502,40.003033,9.700000,88.757675
292,5,18.831476,N/A,68.285446,53.744968,11.649863,0.286158,N/A,0.438073,stubby,yes,-75.342668,148,0.987543,68.424171,53.851212,10.981787,57.695171
293,3,18.105278,N/A,72.364204,41.828499,11.349888,0.366138,N/A,0.423140,stubby,yes,-1.108517,76,0.288660,72.987495,41.534569,11.336554,43.888836
294,14,88.675568,N/A,59.338291,20.607725,20.483988,0.562210,N/A,0.424598,stubby,yes,-64.025089,235,0.000000,59.432983,20.876019,19.900000,32.208866
295,11,9.197495,N/A,77.764725,31.143490,19.004398,0.358765,N/A,0.417074,stubby,yes,-33.562659,194,0.000000,77.570229,31.535862,18.713848,34.233459
296,14,88.675568,N/A,37.463055,30.176493,13.913037,0.437835,N/A,0.422528,stubby,yes,-67.568909,295,0.930309,37.275352,30.010973,13.306801,60.353558
297,5,18.831476,N/A,70.781410,50.814140,10.726331,0.434372,N/A,0.416384,stubby,yes,-23.500247,140,0.174336,70.141190,50.987602,10.437915,54.101624
298,14,88.675568,N/A,47.738827,24.405708,15.420409,0.180445,0.005000,0.439606,thin,yes,5.709884,264,0.064918,47.416855,23.856157,15.484094,47.088135
299,14,88.675568,N/A,58.554176,20.986448,19.564432,0.459917,N/A,0.419467,stubby,yes,-33.080967,238,0.658079,58.137829,21.011852,19.292711,33.793552
300,5,18.831476,N/A,68.684219,52.157169,11.304034,0.362940,N/A,0.408309,stubby,yes,-53.068880,144,0.000000,68.985374,52.459457,10.736366,56.152527
301,5,18.831476,N/A,65.933418,59.822994,13.040826,0.426922,N/A,0.410737,stubby,yes,-64.253342,164,0.001827,65.732422,59.688019,12.538802,64.609856
302,14,88.675568,N/A,17.382540,39.339695,9.345284,0.155398,0.005000,0.419171,thin,yes,40.788642,348,0.000000,17.200001,38.971336,9.700000,85.204926
303,4,18.712305,N/A,67.633484,61.226341,7.504386,0.428989,N/A,0.406137,stubby,yes,-63.025302,127,0.398219,67.820885,61.421227,6.973178,66.446289
304,14,88.675568,N/A,26.625868,36.641918,11.995214,0.276151,0.211439,0.390721,thin,yes,5.900589,321,0.000000,26.391630,36.166370,12.050000,74.216064
305,4,18.712305,N/A,72.315002,49.993034,8.563445,0.385172,N/A,0.400293,stubby,yes,23.507157,95,0.000000,71.784500,50.270630,8.823874,53.611019
306,5,18.831476,N/A,67.742691,57.082012,12.074217,0.490993,N/A,0.394452,stubby,yes,-23.393846,156,0.530345,67.318672,57.073566,11.890745,61.222458
307,11,9.197495,N/A,77.700386,33.306683,19.895229,0.210724,0.005000,0.395953,thin,yes,-11.087450,200,0.742385,78.283508,33.005703,19.766634,36.228428
308,4,18.712305,N/A,67.799232,64.199242,7.621973,0.346672,N/A,0.396074,stubby,yes,-29.943397,133,0.981231,67.241211,63.953415,7.270725,69.179237
309,2,5.070513,N/A,74.078949,31.910700,16.200769,0.379695,N/A,0.379953,stubby,yes,-66.331183,52,0.000000,74.253899,31.793098,15.719838,32.570374
310,14,88.675568,N/A,36.132317,29.811190,13.594121,0.348559,N/A,0.375857,stubby,yes,-12.870663,296,0.156954,36.195553,30.441509,13.449375,61.479015
311,4,18.712305,N/A,71.163231,52.414436,8.251484,0.280558,N/A,0.373785,stubby,yes,-48.572341,101,0.000000,71.508301,52.437412,7.859594,56.056355
312,14,88.675568,N/A,32.357182,33.045422,11.733219,0.218021,N/A,0.383350,stubby,yes,43.845767,305,0.000000,32.377151,33.583084,12.250000,67.063225
313,14,88.675568,N/A,35.122303,31.892111,13.191135,0.334688,N/A,0.370742,stubby,yes,16.073254,299,0.116124,34.749775,31.461031,13.355295,63.342640
314,2,5.070513,N/A,74.845665,30.352041,16.180855,0.270189,N/A,0.366393,stubby,yes,-17.960253,49,0.687554,74.287895,30.333155,15.999949,31.111099
315,14,88.675568,N/A,39.576572,29.374725,12.596120,0.272312,N/A,0.366118,stubby,yes,38.042578,290,0.494090,39.350021,29.049328,12.906371,57.937424
316,14,88.675568,N/A,15.004169,38.975410,10.013300,0.325645,N/A,0.360476,stubby,yes,-37.086221,354,0.935803,15.187757,39.346996,9.700000,87.270355
317,14,88.675568,N/A,50.763840,23.219208,16.952314,0.299008,N/A,0.360503,stubby,yes,52.587466,256,0.681302,50.578022,23.033360,17.295897,42.769016
318,14,88.675568,N/A,34.576893,31.546112,14.007725,0.370452,N/A,0.364427,stubby,yes,-83.492865,300,0.872797,34.647453,31.519091,13.345301,63.488476
319,14,88.675568,N/A,68.333572,18.035980,16.912291,0.468683,N/A,0.358386,stubby,yes,-43.585839,216,0.000000,68.029663,17.758814,16.520792,22.137369
320,14,88.675568,N/A,1.569659,43.597149,9.042781,0.314939,N/A,0.357624,stubby,yes,-17.168614,393,0.960748,1.968222,44.077255,8.850000,102.394737
321,1,11.917839,N/A,72.592285,23.996456,15.641691,0.586283,N/A,0.348235,stubby,yes,-28.788767,36,0.858151,73.174400,23.889833,15.316498,24.261410
322,5,18.831476,N/A,64.229637,62.491581,12.306964,0.123913,N/A,0.345071,stubby,yes,65.664888,173,0.543057,64.445366,62.528278,12.790823,67.745247
323,14,88.675568,N/A,52.190533,22.163803,18.214325,0.299948,N/A,0.339486,stubby,yes,14.453646,253,0.855094,52.208744,22.742193,18.363482,40.666229
324,14,88.675568,N/A,0.186731,45.826023,9.267254,0.358273,N/A,0.337504,stubby,yes,-70.666803,397,0.190757,0.314511,45.734749,8.819676,105.039001
325,5,18.831476,N/A,69.786201,51.375378,11.256033,0.365218,N/A,0.335490,stubby,yes,-86.369832,141,0.000000,69.749344,51.362595,10.641138,54.754036
326,4,18.712305,N/A,70.779099,48.637867,9.180918,0.228142,N/A,0.314446,stubby,yes,61.525274,91,0.758877,71.045631,48.747181,9.712051,51.681225
327,14,88.675568,N/A,2.228642,44.514820,8.555654,0.332381,N/A,0.322933,stubby,yes,30.389871,393,0.855859,2.030858,44.053528,8.850000,102.476570
328,3,18.105278,N/A,73.285606,39.015930,11.450299,0.343360,N/A,0.317123,stubby,yes,63.984033,70,0.000000,73.220909,39.203854,11.857506,41.277779
329,14,88.675568,N/A,49.960533,22.654196,16.641987,0.278337,N/A,0.318679,stubby,yes,56.238038,258,0.831349,49.666649,22.706429,17.088507,43.766361
330,14,88.675568,N/A,38.503471,30.024197,12.692749,0.281843,N/A,0.316202,stubby,yes,31.194849,292,0.650232,38.520004,29.546827,12.981969,58.982895
331,3,18.105278,N/A,74.421280,33.859024,14.062803,0.219128,N/A,0.308608,stubby,yes,58.733598,58,0.662240,74.582298,34.085743,14.520769,35.284470
332,4,18.712305,N/A,71.164955,53.188919,6.914557,0.261618,N/A,0.305818,stubby,yes,35.536418,105,0.676439,70.992569,53.498840,7.167859,57.381634
333,4,18.712305,N/A,69.175972,59.723835,6.723373,0.167590,0.005000,0.290120,thin,yes,-27.258606,122,0.304980,68.738670,59.678780,6.496872,64.281319
334,5,18.831476,N/A,68.033981,55.411243,10.907978,0.199694,N/A,0.287867,stubby,yes,70.646732,151,0.000000,67.903229,55.296150,11.403913,59.306919
335,11,9.197495,N/A,78.735588,32.805023,20.523989,0.304094,N/A,0.293864,stubby,yes,-9.347671,201,0.000000,78.570747,33.260582,20.444241,36.982826
337,14,88.675568,N/A,29.254982,34.510860,12.609678,0.255366,N/A,0.266217,stubby,yes,-29.747985,313,0.683356,29.148447,34.159779,12.400001,70.597717
338,1,11.917839,N/A,73.837669,24.609171,15.253624,0.270604,N/A,0.265937,stubby,yes,19.418469,37,0.608855,73.295853,24.617538,15.444647,25.003113
339,14,88.675568,N/A,61.650070,18.799980,17.800001,0.343392,N/A,0.977254,other,no,29.109483,228,0.128961,62.243980,19.737144,18.417786,28.609753
340,14,88.675568,N/A,61.157627,19.446842,18.350000,0.229556,N/A,0.539438,other,no,27.076013,229,0.000000,61.555122,20.004307,18.700001,29.400759
341,14,88.675568,N/A,60.616821,21.204922,19.150000,0.146715,N/A,0.359165,other,no,-15.533692,233,0.227427,60.270267,20.654205,18.969137,30.933073
343,14,88.675568,N/A,54.745014,23.402664,19.300001,0.328665,N/A,0.687501,other,no,3.309229,247,0.000000,54.950001,22.562592,19.350000,37.698601
344,14,88.675568,N/A,47.558548,22.326122,15.750000,0.362023,N/A,1.082898,other,no,10.785903,262,0.000000,48.012951,23.272526,15.950000,46.063110
345,14,88.675568,N/A,48.055283,22.953529,17.050001,0.342930,N/A,0.728822,other,no,-58.630078,261,0.299165,48.445919,22.956608,16.409260,45.347878
346,14,88.675568,N/A,46.641632,25.352537,15.150001,0.354190,N/A,0.351704,other,no,-25.836110,267,0.000000,46.348660,24.927387,14.900001,48.678043
347,14,88.675568,N/A,39.976639,28.250000,12.550000,0.233646,N/A,0.678092,other,no,42.349463,289,0.843703,40.041897,28.837215,13.088548,57.187325
348,14,88.675568,N/A,34.731087,32.510113,13.300000,0.378089,N/A,0.974397,other,no,1.565557,300,0.491720,34.434055,31.592863,13.326351,63.716309
349,14,88.675568,N/A,35.155334,30.885963,13.850000,0.409656,N/A,0.408646,other,no,-64.425272,298,0.264873,35.314171,31.020863,13.414562,62.646744
350,14,88.675568,N/A,34.196571,32.445824,13.450000,0.117010,N/A,0.466078,other,no,-26.498475,301,0.220307,33.834709,32.050526,13.182820,64.490379
351,14,88.675568,N/A,32.633354,32.574917,12.300000,0.268218,N/A,0.724953,other,no,26.910927,303,0.350741,33.340069,32.923641,12.700000,65.689377
355,14,88.675568,N/A,23.556110,37.013924,10.250000,0.372725,N/A,1.389885,other,no,60.619304,329,0.096849,23.719183,36.504513,11.200000,77.459213
356,14,88.675568,N/A,22.992193,35.924267,10.900001,0.310843,N/A,1.319298,other,no,27.329222,332,0.000000,22.675053,36.410492,11.200000,78.417854
357,14,88.675568,N/A,14.752254,38.027122,9.750000,0.321036,N/A,1.195130,other,no,-2.073841,353,0.000000,15.234295,39.321041,9.700000,87.237732
358,14,88.675568,N/A,15.528576,38.478889,10.500000,0.395740,N/A,1.265965,other,no,-42.370212,353,0.513863,15.413162,39.348289,9.700000,87.073631
360,14,88.675568,N/A,12.643742,41.655674,10.200000,0.285946,N/A,1.095508,other,no,-27.364788,362,0.000000,12.014885,40.799068,9.650001,90.973564
361,14,88.675568,N/A,12.125979,41.309296,10.800000,0.377019,N/A,1.309563,other,no,-65.578568,362,0.000000,12.014885,40.799068,9.650001,90.973564
362,14,88.675568,N/A,13.150156,41.048416,11.600000,0.296238,N/A,0.000000,other,no,-72.569636,359,0.182303,12.856044,40.529430,9.700000,89.906677
363,14,88.675568,N/A,12.008682,40.245361,8.550000,0.318471,N/A,1.115483,other,no,61.455074,361,0.000000,12.242557,40.675461,9.450000,90.646278
364,14,88.675568,N/A,8.544730,41.614731,9.150001,0.345766,N/A,1.263897,other,no,-12.511634,372,0.295654,8.717206,42.193703,9.015943,94.919189
365,14,88.675568,N/A,7.953280,42.905472,8.900001,0.334527,N/A,0.626636,other,no,4.694146,374,0.209434,7.968542,42.296749,8.950000,95.671753
366,14,88.675568,N/A,6.941075,41.941910,8.450000,0.414109,N/A,0.746810,stubby,no,72.370973,378,0.173824,6.911307,42.130238,9.050000,96.780075
367,14,88.675568,N/A,0.497771,46.156231,8.250000,0.298088,N/A,0.677187,other,no,53.937139,397,0.000000,0.190698,45.899086,8.800000,105.139198
368,14,88.675568,N/A,0.162326,45.175816,9.450000,0.348227,N/A,1.087576,other,no,-52.557688,396,0.000000,0.505320,45.481491,8.850000,104.613960
369,14,88.675568,N/A,2.376607,45.194138,8.900001,0.355503,N/A,0.000000,other,no,-2.407421,393,0.904485,1.973851,44.075123,8.850000,102.438637
370,14,88.675568,N/A,5.039439,44.130241,7.750000,0.379399,N/A,1.497057,other,no,43.247415,385,0.000000,4.602224,43.161179,8.750000,99.537430
371,1,11.917839,N/A,73.849998,18.850000,14.000000,0.083260,N/A,0.436637,other,no,28.856739,26,0.931408,73.161369,18.926197,14.381782,19.030352
372,12,1.070293,N/A,79.265068,33.718338,20.650000,0.175697,N/A,0.514705,other,no,15.288343,204,0.410220,78.775627,33.925117,20.795238,37.724453
373,12,1.070293,N/A,78.560493,35.458611,22.100000,0.334190,N/A,1.253226,other,no,-37.206719,206,0.000000,79.050713,34.564274,21.325682,38.649250
374,11,9.197495,N/A,74.376549,28.821421,16.950001,0.192228,N/A,1.498860,other,no,0.785338,182,0.367425,74.882423,28.569321,16.957748,29.554829
375,11,9.197495,N/A,77.000000,29.299999,17.300001,0.171461,N/A,1.490708,stubby,no,29.451990,188,0.277389,76.636040,29.802292,17.650261,31.863316
376,3,18.105278,N/A,74.530548,38.182457,13.200000,0.250958,N/A,0.704171,other,no,-22.759779,67,0.681597,73.706573,37.831379,12.824243,39.539440
377,3,18.105278,N/A,74.706421,36.752659,14.250000,0.080986,N/A,1.496008,other,no,-51.929516,63,0.496136,74.243675,36.298653,13.422352,37.763512
379,3,18.105278,N/A,72.236877,43.577904,10.700000,0.257739,N/A,0.255106,other,no,8.693262,81,0.654321,72.600067,43.814381,10.766266,46.215881
380,4,18.712305,N/A,69.337914,56.290073,7.300000,0.403711,N/A,1.495918,other,no,-46.483191,112,0.000000,70.022682,55.744545,6.377952,60.080479
381,4,18.712305,N/A,67.720917,58.023071,6.300000,0.340735,N/A,1.499535,other,no,-4.415052,119,0.000000,69.204758,58.441532,6.180964,62.975342
382,4,18.712305,N/A,69.046242,60.650749,6.800000,0.164167,N/A,0.375400,other,no,-4.935724,124,0.706598,68.512115,60.319187,6.745709,65.081757
383,4,18.712305,N/A,68.249176,59.854134,7.500000,0.293660,N/A,0.746100,other,no,-50.920786,124,0.538871,68.462906,60.392467,6.786754,65.180168
385,5,18.831476,N/A,64.191818,59.591175,12.250000,0.230682,N/A,1.427238,thin,no,10.602669,165,0.255819,65.556046,60.078514,12.521179,64.972504
387,5,18.831476,N/A,64.887558,61.049667,12.250000,0.429941,N/A,0.000000,other,no,30.624392,169,0.927449,65.153763,61.069107,12.408006,66.092033
388,5,18.831476,N/A,64.118408,65.022453,13.600000,0.302893,N/A,0.873049,other,no,-13.049921,179,0.246323,63.348633,64.511093,13.385797,70.075218
